category,color_1,color_2,color_3,color_4,color_5,color_6,color_7,color_8,company
retail,#FF0000,#000000,#FFFF00,#FF9900,#F4811D,#CC0099,#990066,#9933CC,3m
manufacturer,#0053bf,#ffffff,#A30F27,#000000,,,,,paccar
auto,#EE1B2E,#ffffff,#E4EBEB,#000000,,,,,penske
manufacturer,#EFB200,#000000,#012F60,#6B567D,#E4645F,#8DA267,#ECB609,#404041,whirlpool
health-beauty,#0072bc,#ed1c24,#000000,#ffffff,,,,,henry-schein
natural-resource,#2B4295,#BCC3E5,#FC7837,,,,,,a-mark-precious-metals
pharmaceuticals,#0096d7,#7CCC6C,#004F71,#eeb33b,#460968,#64CCC9,,,abbott-laboratories
pharmaceuticals,#181f44,#000000,#ffffff,#081D4A,#A5ACBC,#817F7D,#009EC2,#11A2D1,abbvie
supplier,#0057ac,#FF9426,#0083be,#ffffff,,,,,abm-industries
technology,#ff0000,#000000,#999999,#ffffff,#fbb034,#ffdd00,#c1d82f,#8a7967,adobe
technology,#ED1C2E,#26328C,#5278D6,#F9AC84,#F2635D,#7D3520,#7A69AC,#ffffff,adp
auto,#A52238,#FAC40F,#000000,#ffffff,#4C4C4C,#CCCCCC,,,advance-auto-parts
technology,#000000,#00AAB5,#636366,#812990,#a6ce39,#f26522,#ed1c24,#9d9fa2,advanced-micro-devices
construction,#00B5E5,#84bd00,#f68b1f,#ffe512,#9e007e,#8c8279,#ffffff,#000000,aecom
energy,#0075B0,#003f60,#477018,#79B800,#7f8080,#E7B72D,,,aes
insurance,#01A7E1,#7D7D7D,#ffffff,#F89628,#ADCC0E,#F8D128,#C41200,,aflac
manufacturer,#c41230,#000000,#80BD00,#f5c300,#d77e08,#53585B,#C7B682,,agco
insurance,#00A3E7,#014189,#014189,#4A4A4A,#009BA6,#EBEBEB,,,aig
chemicals,#009539,#eeeeee,#aeaeae,#55b2e2,#ffffff,#ffd204,#6d6d6d,,air-products-chemicals
manufacturer,#c6003d,#000000,#2087c1,#e8e8e8,#1dc7d7,#af1217,#cdcdcd,#787878,ak-steel-holding
travel,#01426a,#3A80BB,#B3D57D,#48850C,#d5eef3,#bcbdc1,#6c6d71,,alaska-air-group
retail,#00529f,#009fe0,#E41720,#000000,#003A5D,,,,albertsons
manufacturer,#1450A1,#666666,#F47836,#CCCCCC,#ffffff,#000000,#3b852e,#0073cf,alcoa
financial-services,#000000,#ffffff,#666666,#e0e0e0,,,,,alleghany
technology,#d71a20,#231f20,#949599,#808080,#f8f7f7,#ffffff,,,alliance-data-systems
insurance,#0076B8,#45BCE5,#b63a25,#001E60,#F0F5F7,#95D600,,,allstate
financial-services,#3e0046,#650360,#005e8a,#8bc34a,#9c27b0,#3f51b5,#009688,#CB3974,ally-financial
technology,#F01716,#7BB64A,#F57B3F,#5B86E8,#DFCE7A,#76777A,#E9EAEA,#DA559F,alphabet
retail,#345C97,#29455F,#761B14,#43A468,#ED1C24,#66C5EF,#0084C3,#FAA61A,altria-group
retail,#FF9900,#146EB4,#45ACCB,#D89C0A,#CFEF9C,#FF878C,#FEE33C,,amazon
energy,#35962B,#E62021,#000000,#ffffff,,,,,ameren
travel,#0078D2,#36495A,#FFFFFF,#9DA6AB,#131313,#C30019,,,american-airlines-group
auto,#ed1b2e,#ffffff,#ffbe01,#000000,,,,,american-axle-manufacturing
retail,#C42A28,#717372,#000000,#AF2218,#025A95,#009CDE,#00AEB2,#E3994B,american-electric-power
financial-services,#6CC4EE,#7AD1F4,#FFFFFF,#FEC409,#B9C8DD,#004E99,,,american-express
insurance,#B80A34,#0E5994,#EDEDED,#717073,,,,,american-family-insurance-group
financial-services,#E31B23,#002664,#337ab7,#000000,,,,,american-financial-group
technology,#c50f3c,#4a4e4d,#9d9fa2,#e6e7e8,#fe8a71,#f7913f,#98b255,#0e9aa7,american-tower
financial-services,#3a3b6f,#406e92,#2f373e,#84c346,#f37a20,#643661,#00bddd,,ameriprise-financial
pharmaceuticals,#00509D,#231F20,#F4F4F4,#246A65,#A25486,#008BB0,,,amerisource-bergen
pharmaceuticals,#007DC3,#716F73,#005480,#518ad3,,,,,amgen
manufacturer,#0C69B1,#d9d9d9,#4a4a4a,#56a8fb,#ffffff,#003367,,,amphenol
natural-resource,#005BB9,#00315e,#ffffff,#2f9dd4,#f05a28,#2A813F,#545454,,anadarko-petroleum
technology,#231f20,#ffffff,#32b3c9,#001f34,#27B253,#7C4A8B,#FF7200,,analog-devices
technology,#818384,#3b3b3b,#057ABB,#FF8130,#dedddd,#ffffff,,,anixter-international
health-beauty,#0079C2,#BC181D,#F15D3F,#4bbfb7,#007ac3,,,,anthem
technology,#D22128,#6D6E71,#F79A25,#EA7826,#CB2138,#9E2165,#662F8F,#282661,apache
technology,#000000,#666666,#979797,#eeeeee,#0088cc,#12192f,#D0102B,#FF8F5F,apple
food,#ED1622,#000000,#ffffff,,,,,,aramark
food,#004993,#00AA4B,#EA4408,#908E88,#004B91,#384051,,,archer-daniels-midland
manufacturer,#00aeb9,#ffffff,#000000,#04595d,,,,,arconic
insurance,#00263e,#a4cBe1,#062b43,#ffffff,,,,,arthur-j-gallagher
retail,#d91e18,#000000,#f0f0f0,#ffffff,,,,,asbury-automotive-group
retail,#53bceb,#7f8084,#000000,#f2f2f2,#b9ac97,#ffffff,,,ascena-retail-group
insurance,#0066cc,#FF9900,#00cc33,#999999,,,,,assurant
technology,#067ab4,#3aa5dc,#ff7200,#fcb314,#b6bf00,#6ebb1f,#b30a3c,#0c2577,att
insurance,#114477,#22ccff,#64b9c1,#2162a6,#e5e5e5,#444444,#ffffff,,auto-owners-insurance
auto,#005494,#002951,#009ee3,#009ee3,,,,,autoliv
retail,#E88BB3,#191919,#FF6633,#9B9B9B,#666666,,,,autonation
auto,#F38021,#D62C27,#CACCCB,#1883C6,#0E5E90,#000000,,,autozone
manufacturer,#d80024,#EE3E34,#ffffff,#1BA3DD,#7BC143,#FFB60F,,,avery-dennison
travel,#d4002a,#00285f,#ED5505,#01a7fd,#55B040,#5c666f,#c7ccd1,,avis-budget-group
technology,#E2E3E4,#000000,#E2E3E4,#ffffff,,,,,avnet
manufacturer,#00accd,#f1f6f6,#FFC610,#0D707F,#dc7700,#c6e1e8,,,ball
financial-services,#0052C2,#D4001A,#5A5A5A,#8C8C8C,#6D0004,#F2F2F2,#F2F2F2,#8C9A3F,bank-of-america
financial-services,#8C7964,#A7A5A6,#B07E25,#F4BD0C,#000000,,,,bank-of-new-york-mellon
health-beauty,#2B3070,#EFEFEF,#1F1F1F,#003399,#31B6EE,#d1dee7,,,baxter-international
financial-services,#8A0025,#104d92,#ecb100,#4c9c00,#222A31,#ececec,#f2f7fe,#ffffff,bbt-corp
supplier,#025396,#ffffff,#000000,#CDE0F8,,,,,beacon-roofing-supply
health-beauty,#F07822,#194890,#000000,#5D5864,,,,,becton-dickinson
retail,#283792,#EBF0FD,#ed7002,#FFEEE6,#f7d442,#d0f5e1,#d6d6d6,,bed-bath-beyond
retail,#552448,#EAE3D4,#000000,#7c7c7c,#00187B,,,,berkshire-hathaway
manufacturer,#0057b8,#7bafd4,#cedc00,#a7a8aa,#e56a54,#18a300,#0a3f61,,berry-global-group
retail,#f6eb16,#000000,#0A4ABF,#E2E9F1,#BB0729,,,,best-buy
health-beauty,#1c5a7d,#578196,#2573ba,#6dad46,#679acb,#519643,#7cc3e2,#99ca3c,biogen
retail,#d11243,#804C9B,#7eba42,#ffffff,#e0a237,#3a76bd,#555555,#364799,bjs-wholesale-club
financial-services,#000000,#c00b28,#CE411A,#ffffff,,,,,blackrock
financial-services,#202020,#0098c3,#ffffff,#bed600,#00b2a9,#ea2839,#1b2629,,blackstone-group
technology,#1A409F,#0D7CB1,#394957,#FDFDFE,,,,,boeing
technology,#000000,#002e6d,#076ab1,#00aeef,,,,,booking-holdings
technology,#100e0d,#01807e,#666666,#ffffff,#263846,,,,booz-allen-hamilton
auto,#1f3183,#90b114,#9aa1a7,#007dc3,,,,,borgwarner
manufacturer,#003c71,#EBF7F9,#35d2f5,#feb334,#77b900,#008ECC,#633D7A,#00AE67,boston-scientific
insurance,#00b1b9,#27ba8d,#4cc35d,#72ce2f,#98d50a,#00465a,#333333,#e7e7e7,brighthouse-financial
pharmaceuticals,#006ca8,#103655,#F26522,#E9ECEF,,,,,bristol-myers-squibb
manufacturer,#AA272F,#000000,#0092B2,#EEEEEE,,,,,broadcom
supplier,#ed1d24,#292670,#4e5664,#232e3d,#000000,#ffffff,#004BD0,,builders-firstsource
retail,#af003d,#ebebeb,#c9e8e8,#000000,#7294cb,#ffffff,,,burlington-stores
transport-company,#0078AE,#000000,#63666a,#D9D9DA,,,,,c-h-robinson-worldwide
casino-hotel,#cd181f,#01000B,#ad1f23,#481459,#f5cb5c,#4A4A4A,,,caesars-entertainment
natural-resource,#00639e,#5aad00,#000000,#22801A,,,,,calpine
food,#cc192e,#8d0618,#000000,#b48d05,#c01d33,#d5edf4,#ffffff,,campbell-soup
financial-services,#B5121B,#FFE512,#008140,,,,,,capital-one-financial
health-beauty,#ef3a42,#ffe670,#f89c3e,#9bc787,#92D3E1,#59c9e6,#83cfca,#cbb989,cardinal-health
retail,#00529f,#FFD520,#77C2E6,#003366,#DB1879,,,,carmax
food,#AE6219,#FFE01A,,,,,,,caseys-general-stores
manufacturer,#000000,#F0F0F0,,,,,,,caterpillar
real-estate,#006A4D,#69BE28,#1C293C,#DBD5BF,,,,,cbre-group
technology,#cc0000,#2BC7D9,#006097,#FF0000,#FFE900,#53B841,#FA8240,#66676D,cdw
chemicals,#F79328,#000000,#F05500,#FBAF1C,,,,,celanese
health-beauty,#1C3B7E,#4AA1C6,#464646,#eef0fc,,,,,celgene
insurance,#024069,#98958C,#107BA4,#5F3777,#CB3827,#00548C,#CF1D67,,centene
natural-resource,#009ada,#000000,#6f7c7e,#dbdbdb,,,,,centerpoint-energy
technology,#118745,#8dc643,#000000,#ffffff,#0047bb,#48D597,#FF6319,#0DA1E0,centurylink
financial-services,#00a0df,#ffffff,#C46317,#657884,#133568,#3d4f5c,#98A4AE,#037DAE,charles-schwab
technology,#15609C,#8F8B8D,#0099D7,#E3E3E3,#F66200,#00629B,#FFA80E,#001D37,charter-communications
chemicals,#e63b2b,#fac88b,#fc840b,#d0004e,#e7959e,#f4a68b,#6d6c6c,#1d1d1b,chemours
natural-resource,#0079c2,#251a06,#e8e8e8,#bad8f2,#f15a29,#8f9191,#ffffff,,cheniere-energy
natural-resource,#004271,#8dc63f,#6d6e71,#A7A9AC,#00aee0,#0061af,#02a48f,#107d4d,chesapeake-energy
energy,#0054A4,#198FCB,#e20d19,#A31127,#009DD9,#0B2D71,#F4F4F4,,chevron
food,#231f20,#00309B,#E37424,#568A40,#F1F1F1,#4CA0CC,,,chs
insurance,#0080C9,#FA9800,#52BB40,#9A8C7D,#352C66,#4B3900,#AFBD21,#EE8A1D,cigna
supplier,#032169,#c3012c,#002877,#226fba,#309532,#e87837,#a09c34,,cintas
technology,#2B5592,#64BBE3,#C4D6ED,#000000,#58585B,#005C21,#6CC04A,#8B1001,cisco-systems
financial-services,#003A72,#DB230B,#00BAF1,#9f44af,#66B58B,#ffad2b,#333333,#DAB3E2,citigroup
financial-services,#02945E,#ffffff,#000000,#015944,#E97202,#EBF8F5,#49762A,,citizens-financial-group
retail,#005CB9,#00833E,#ffffff,#E8ECED,,,,,clorox
energy,#7ac143,#2660a3,#95d600,#cccccc,#06a7e2,#6C6E71,,,cms-energy
retail,#F40009,#E98300,#1E1E1E,#A7A9AC,,,,,coca-cola
technology,#0133A1,#71CDF4,#000000,#6BB445,#008E33,#F4633A,#e6e6e6,,cognizant-technology-solutions
manufacturer,#ED1D24,#28A4C3,#1cb45a,#768e48,#0078c1,#8F0104,#f2c121,#ffffff,colgate-palmolive
technology,#FFBA00,#F56F02,#CB1F47,#645DAC,#0088D2,#00B345,,,comcast
health-beauty,#006c68,#F6891E,#9daca9,#5C5C5C,,,,,community-health-systems
food,#aad25a,#71B842,#0776B3,#69cee7,#e44130,#171516,,,conagra-brands
natural-resource,#DB2415,#000000,#ffffff,#5B6A70,,,,,conocophillips
energy,#069bd7,#60bc7c,#d8514b,#d7d7d7,#2a2a2a,#bde5f1,#f9eca4,#00b6e2,consolidated-edison
retail,#021D5B,#ffffff,,,,,,,constellation-brands
retail,#6ab603,#219D48,#e98443,#16A99D,,,,,core-mark-holding
technology,#005293,#A9C1D8,#a8a8a8,#6f6f6e,#1E1E1E,#ffffff,,,corning
retail,#e61031,#005bad,#008CAF,#FF762D,#FF762D,#333333,#F9CB0E,#ffffff,costco-wholesale
health-beauty,#3D195B,#75c4c1,#e3dce7,#f4c35d,#fcf4e1,#890c58,#fdedcc,#e3c2d5,coty
manufacturer,#00843D,#DB4E2B,#2375AB,#223039,#708C2A,#0096A1,#92278F,,crown-holdings
transport-company,#032a4e,#104f8c,#363636,#ffcb4f,#2f6bbd,#f0f0f0,#ffffff,,csx
manufacturer,#EE2E24,#000000,,,,,,,cummins
pharmaceuticals,#CC0000,#000000,#0B315E,#901E79,#F27A20,#FCD800,#A5C739,#00afaa,cvs-health
construction,#001A5B,#385F7D,#DB291D,#ffffff,,,,,d-r-horton
manufacturer,#1398d0,#666666,#000000,#ffffff,#e1ddde,,,,dana
technology,#0A4385,#3275B8,#D89B2B,#DC6016,#035D67,#767A7E,#ffffff,#000000,danaher
food,#8a171a,#231f20,#ca2f51,#62c8cc,#e7381b,#f0fbff,#e7381b,,darden-restaurants
health-beauty,#0069b1,#ee8000,#d20f55,#00a8e4,#980b3e,#ffc100,#85b20a,#ef0015,davita
natural-resource,#DA291C,#750e12,#000000,#969696,,,,,dcp-midstream
food,#006f5f,#52b12f,#1c4e9d,#ebf1f4,#F6F0FB,,,,dean-foods
manufacturer,#066E1B,#F6DE00,#11992A,#E5E6E6,#585754,#7F7F7F,#000000,,deere
energy,#760c10,#ffffff,#506b86,#ECF4F8,#595959,#000000,,,delek-us-holdings
transport-company,#E3132C,#9B1631,#003268,#11172B,,,,,delta-air-lines
energy,#FD3200,#2D3135,#00B4CD,#EDB731,,,,,devon-energy
retail,#008a70,#16582a,#ffffff,#0d397a,#e9b38b,#b90930,,,dicks-sporting-goods
retail,#231f20,#ffffff,#dfdfdf,#f5de90,#5d6166,#ffd1db,,,dillards
financial-services,#ff6000,#000000,#3387b7,,,,,,discover-financial-services
technology,#E41932,#7fb700,#eaedef,#EF5032,,,,,dish-network
retail,#FFF000,#1c1b1b,#CACBCC,#989898,,,,,dollar-genera
retail,#12823b,#62B33C,#06AEFF,#2E68C5,#FCD65F,#742BE3,#E2FCE8,#F5F5F5,dollar-tree
energy,#0072ce,#000000,#707070,#C6D6E3,,,,,dominion-energy
manufacturer,#004B8C,#ffffff,#000000,#e6e6e6,,,,,dover
chemicals,#E80033,#474747,#4f5d1b,#9B9B9B,#A94238,#2F5173,#C5642B,,dowdupont
energy,#004990,#8dc63f,#ffdd00,#52247f,#50c8e8,#49a942,#e31937,#f89728,dte-energy
energy,#005072,#2eb135,#34b5d0,#ffffff,#F2FBFD,,,,duke-energy
technology,#FFED00,#000000,#00C9FF,#ffffff,#64FF00,#F2F2F2,,,dxc-technology
chemicals,#da2129,#0779BF,#807F84,#72c166,#ffffff,#ffc20f,#00bbe4,,eastman-chemical
retail,#e23d41,#0E59A0,#f4c900,#7ac11f,#f4c900,#C8E63C,#F4FABE,,ebay
energy,#1F8DCC,#005D89,#bfe2f4,#616365,#64A70C,#8CCA39,,,ecolab
energy,#fed141,#014c38,#53565a,#78be20,#722257,#71CCCD,#006C72,,edison-international
financial-services,#ffc324,#231f20,#5b5854,#e7e6e6,#ffffff,,,,edward-jones
pharmaceuticals,#D52B1E,#ffffff,#B9B4AE,#EAE5E3,,,,,eli-lilly
construction,#1a7d7f,#525252,#ffcc00,#eda64c,#393939,#ffffff,#14686b,,emcor-group
manufacturer,#004A8D,#ffffff,#7aa752,#000000,,,,,emerson-electric
natural-resource,#00317d,#0C203F,#d7e9f8,#000000,#2958A5,#EBEDEE,,,energy-transfer
energy,#bf8b42,#010101,#008d83,#2079a1,#91371e,#4d4640,#a39b84,#5a534b,enlink-midstream
energy,#E21F26,#231f20,#4298b5,#BE0026,#333843,,,,entergy
natural-resource,#002248,#ffffff,#1f98f4,#0e2a84,#AF2424,#B5C022,#6D99CA,,enterprise-products-partners
energy,#CE1A1A,#000000,#073A61,#ffffff,#FF8615,#2F6FF3,#00c853,,eog-resources
insurance,#005fac,#0c486c,#128389,#000000,#016cad,#333333,#C49A5C,,erie-insurance-group
health-beauty,#000000,#184ec8,#2bc0d9,#ffffff,,,,,estee-lauder
energy,#000000,#00adef,#00b13f,#007749,#cccccc,#00aa3e,#0e75c4,,eversource-energy
energy,#105FAE,#0D8ACF,#1D9C44,#FA9D1B,#8FBB33,#F45614,#000000,#1E4772,exelon
technology,#000099,#000000,#ffffff,#939597,#ffc60b,#CB2C30,#7AC231,#00B1FF,expedia-group
transport-company,#000000,#EE3E34,#939498,#708b9c,#1b3043,#9E001B,#39393A,,expeditors-intl-of-washington
natural-resource,#D42E12,#0047BA,#2B2926,#6A737B,,,,,exxon-mobil
technology,#29487D,#3C5898,#8b9dc3,#FEFEFE,#D4D8E8,#4267b2,#ffffff,,facebook
financial-services,#000F2B,#037597,#ffffff,,,,,,fannie-mae
insurance,#013087,#A6C3E9,#E11631,#A20F30,,,,,farmers-insurance-exchange
transport-company,#660099,#FF6600,#999999,#00CC00,#0099CC,#FF0033,#ffcc00,#000000,fedex
financial-services,#002C6D,#6BA2C1,#ffffff,,,,,,fidelity-national-financial
financial-services,#8dc63f,#00565b,#00a4b6,#c8c8c8,,,,,fidelity-national-information-services
financial-services,#011b70,#678e17,#1c2758,#42b976,#ffffff,,,,fifth-third-bancorp
financial-services,#337ab7,#013a6f,#fccf45,#CD4E42,#b3c5d4,,,,first-american-financial
financial-services,#004165,#06B5EE,#72c45f,#eeeeee,#fc7243,#414141,#AFB509,,first-data
energy,#0060A9,#000000,#77B412,#C5932C,#d95e18,#E6E6E6,#01673C,,firstenergy
financial-services,#ff6600,#2e8bc9,#000000,#ffffff,,,,,fiserv
construction,#003768,#FFCC00,#0096D7,#dedacf,,,,,fluor
retail,#ed1b34,#231f20,#e4e4e4,#ffffff,,,,,foot-locker
auto,#003478,#003399,#ffffff,#91a4b1,#ff6600,#2D96CD,,,ford-motor
technology,#63c047,#000000,#ffffff,#C82311,,,,,fortive
financial-services,#767676,#000000,#005598,#ffffff,,,,,franklin-resources
financial-services,#009BE4,#6CB516,#EC4E27,#9AC42C,#FF6B00,#000000,#CEE720,#047DAC,freddie-mac
natural-resource,#00aeef,#4C8EC2,#103F5A,#302F2F,,,,,freeport-mcmoran
technology,#d9272c,#58575c,#fee8b6,#3e6688,#75cede,#fcc549,#df4841,#fafafa,frontier-communications
retail,#01295D,#FFFFFF,#7AB33C,#EC008B,#34726E,#F8BBB7,#A9A9A9,#000000,gap
aerospace-and-defense,#1a4788,#000000,#D8534F,#01479F,#CCCCCC,#333333,#37ABE1,#127CC1,general-dynamics
energy,#3B73B9,#55B66E,#F1F1F1,#5a7676,#89d4f2,#000000,#698295,,general-electric
food,#0655A3,#e22027,#6FC833,#279fd1,#F09F2A,#671E75,#00A8B0,#A1D48F,general-mills
auto,#194390,#5C93CC,#86C1E2,#ffffff,#222222,#000082,,,general-motors
auto,#FDB826,#FFFFFF,#0054A3,#E1E0E0,#333333,#D6DEEE,#555555,#E3F7FD,genuine-parts
insurance,#017dc3,#000000,#687381,#1167b2,,,,,genworth-financial
pharmaceuticals,#C80037,#646569,#1F3A4B,#000000,,,,,gilead-sciences
natural-resource,#3a2d8b,#ed2123,#c9d3d7,#000000,,,,,global-partners
financial-services,#64A8F0,#606D7E,#007FC3,#151945,#DCE2E4,#000000,#ffffff,,goldman-sachs-group
manufacturer,#ffdd00,#274ba7,#247be2,#dbdfe4,#2b4e6e,#000000,,,goodyear-tire-rubber
supplier,#115740,#5B9A8B,#6C6E70,#72AB3C,#333333,,,,graphic-packaging-international
manufacturer,#ACAEB1,#015181,,,,,,,graybar-electric
auto,#eb0a1e,#9FA1A5,#000000,,,,,,group-1-automotive
insurance,#0ca766,#008fb1,#01728d,#c8f3e1,,,,,guardian-life-ins-co-of-america
energy,#000000,#CDCDCD,#ffffff,,,,,,halliburton
retail,#ed2224,#ffffff,#62205b,#3DBBD2,#8f1842,#0772ba,,,hanesbrands
auto,#000000,#7f7f7f,#00b1f5,#ff008e,,,,,harley-davidson
technology,#231f20,#e21022,#2c5697,#009cde,,,,,harris-corporation
financial-services,#7E2A2E,#37C5F3,#e4eff6,#3B77BA,#F7941F,#4D7495,#14A060,#4E4848,hartford-financial-services
health-beauty,#0A1C5E,#4A99B0,#E25A28,#333333,#F5F5F5,#1E71CD,,,hca-healthcare
supplier,#FFCC33,#000000,#A03123,#E2231A,#0091b3,#0033a0,#6D702E,,hd-supply-holdings
manufacturer,#3d000f,#893838,#a8a9ad,#ca8641,#cf4a3b,#4fafab,#a52c8c,#1ca8df,hershey
travel,#ffd008,#201e1f,#8cc110,#8347AF,#094376,#0bb8e3,#ed3328,#9A9C9F,hertz-global-holdings
energy,#ffffff,#009900,#666666,,,,,,hess-corporation
technology,#00b188,#231f20,#345160,#D9D9D9,#624768,#F68C70,#FEF205,#425563,hewlett-packard-enterprise
casino-hotel,#000000,#114C97,#BC9C5D,,,,,,hilton-worldwide-holdings
natural-resource,#3a424a,#00336F,#ffffff,#2693D3,,,,,hollyfrontier
retail,#fa6304,#ffffff,#E81A22,#DEE346,#FFC20E,#EEEEEE,#333333,,home-depot
technology,#DE0031,#191A00,#ffffff,#666666,#D6D7D6,#2E6099,#3D9240,#8BA862,honeywell-international
food,#D2232A,#00904C,#f4f3ef,#000000,,,,,hormel-foods
insurance,#5BA908,#AA005E,#FEB600,#6E8C9D,#000000,,,,humana
manufacturer,#004b8d,#e5b53b,#39393b,#b1b3b8,,,,,huntington-ingalls-industries
chemicals,#982937,#02406B,#3FA691,#EDEDED,#777777,#212221,,,huntsman
financial-services,#3D6699,#14477A,#EFEFEF,#0082C6,#E66500,#6BA144,#FF0000,,icahn-enterprises
technology,#ffffff,,,,,,,,iheartmedia
technology,#93002c,#EA5B21,#0097d3,#f4b213,#2D5D21,#ffffff,#8893ab,#0e76ae,illinois-tool-works
food,#666666,#fed100,#ff9e71,#c5aa2e,#f47b20,#b5121b,#273691,,ingredion
technology,#582873,#9f177a,#d40e8c,#ae0a46,,,,,insight-enterprises
financial-services,#73C7E8,#000000,#a2a2a2,#0033a6,,,,,intercontinental-exchange
manufacturer,#4391A5,#D8762B,#4eb748,#eebe5f,#926735,#E6E7E9,#292967,#000000,international-paper
financial-services,#0067AC,#607C8C,#EEEEEE,#006426,#A6541B,#586D31,,,intl-fcstone
technology,#0097E6,#35BFFF,#FF8000,#25A018,,,,,intuit
health-beauty,#00A3E0,#005487,#6cc04a,#7fa9c3,#027324,#2b3a42,#fe8a12,#d2dadf,iqvia-holdings
transport-company,#FFDE02,#000000,#236093,#0d3a5f,#007ec0,#2c3440,#eeeeee,,j-b-hunt-transport-services
retail,#cc0000,#A6D3E8,#223D78,#FFF211,#919C7C,,,,j-c-penney
food,#000000,#0071bc,#71248b,#ffa400,#007847,,,,j-m-smucker
manufacturer,#075083,#008C63,#8BB702,#43b7ff,#DF7D2B,#444444,,,jabil
manufacturer,#00338D,#004FDA,#ea7502,#4d4d4d,,,,,jacobs-engineering-group
financial-services,#000000,#3363b8,#7c868d,#ffffff,,,,,jefferies-financial-group
travel,#004990,#306faa,#00245D,#ffffff,#F1F5F8,#fe9500,#3a7728,#353535,jetblue-airways
pharmaceuticals,#D71500,#ffffff,#5E8443,#F0EFED,#111a39,,,,johnson-johnson
real-estate,#C72522,#000000,#DBD6C7,#FFFFFF,,,,,jones-lang-lasalle
financial-services,#594129,#8b8D94,#93b9de,#7b8841,#d4d854,#6b97c8,#5a469c,#94257c,jpmorgan-chase
food,#d31749,#EC091F,#454545,#f7f1eb,#e8d051,#ffffff,#f9c03a,#000000,kellogg
food,#cd0954,#3cc7f2,#904F40,#7ac142,,,,,keurig-dr-pepper
financial-services,#CC0000,#000000,#0267b1,#ffffff,,,,,keycorp
retail,#3C93CB,#414749,#0F059E,#A7C6ED,#D1D3D4,#DAF7EE,#FCD7DA,#753BBD,kimberly-clark
natural-resource,#000000,#da3930,#595c68,#e9e9ec,,,,,kinder-morgan
retail,#0079C1,#2C9BD6,#C2D830,#F67505,#00365F,#000000,#D7F1F2,#00A0A0,kohls
food,#1b3b6f,#E6241A,#D8EEF3,#00ADC7,,,,,kraft-heinz
retail,#0468b3,#004A80,#9CD6F2,#7184ea,#E51A37,#FF9900,#08b5d3,#8752aa,kroger
retail,#0071dc,#073154,#003662,#94979b,,,,,l-brands
aerospace-and-defense,#C11336,#ffffff,#3f4480,#8cabe1,,,,,l3-technologies
health-beauty,#007DA4,#013d79,#8cc63f,#f5f3f3,#BAD8EB,#363738,,,laboratory-corp-of-america
manufacturer,#005488,#0af1c1,#f2f2f2,#000000,#0093c9,#a17a94,#ffffff,,lam-research
food,#ef4726,#cea247,#C26E47,#2A5D43,#677348,#928B77,#98c0b9,#214F56,land-olakes
casino-hotel,#B3965A,#DADBDD,#F6DCA8,#110544,#000000,#ffffff,,,las-vegas-sands
manufacturer,#cf1626,#ffffff,#000000,#7C7C7C,,,,,lear
aerospace-and-defense,#850f89,#201747,#2D164E,#00778B,#e7e7e7,#7f7f7f,#A550A8,,leidos-holdings
real-estate,#003f8d,#17AEE2,#A2CB43,#189649,#E9E9E9,#ffffff,#4C4D4E,,lennar
retail,#C6122E,#231F20,#004976,#ffffff,,,,,levi-strauss
insurance,#002663,#606266,#99E5EA,#047b85,#99E5EA,#1B1446,,,liberty-mutual-insurance-group
insurance,#555E63,#ECB800,#289FD7,#3E63AA,,,,,lincoln-national
auto,#0093cd,#AEADB1,#000000,#EFF5FB,,,,,lithia-motors
auto,#005596,#84898c,#D2242A,#000000,,,,,lkq
technology,#132F57,#005bad,#FF8200,#E2E9EC,#561D5A,#2EA836,#007396,,lockheed-martin
casino-hotel,#171717,#CE3914,,,,,,,loews
retail,#004990,#19B3E7,#000000,#011B37,#F5B223,#E42726,,,lowes
retail,#E1192B,#000000,#DCDCDC,#ffffff,,,,,macys
health-beauty,#00b5f0,#1f1f1f,#003C7A,#0086CD,#C2D32A,#FA931A,#BC0F83,#5C3092,magellan-health
retail,#6290c7,#73A78F,#EA8A00,#AB404B,,,,,manpowergroup
natural-resource,#5f6062,#72cdf4,#0081c6,#FFF1DF,#df7a00,#f2af00,#F7F7F7,,marathon-oil
natural-resource,#005BAD,#F00D4B,#870A22,#DD1746,#505761,#2B2E30,,,marathon-petroleum
insurance,#a3915a,#b71234,#ffffff,#000000,#eeeeee,#3a3b3d,,,markel
casino-hotel,#B41F3A,#968983,#003a7a,#c1b58c,#b84c16,,,,marriott-international
insurance,#002C77,#00A8C7,#016D9E,#A7E2F0,#4b586c,#c98414,#1e3f57,#3E938A,marsh-mclennan
manufacturer,#004a98,#5c6671,#464646,,,,,,masco
insurance,#002f6c,#009BDE,#ffffff,#fbff3f,,,,,massachusetts-mutual-life-insurance
energy,#0056b8,#337ab7,#002848,#ffffff,,,,,mastec
financial-services,#FF671B,#F38B00,#FFC81F,#8DB92E,#D22A2F,#4FCDB0,#E3DFD7,#141413,mastercard
food,#ffcc00,#e62b1e,#002664,#97d700,#ff6c2e,,,,mcdonalds
health-beauty,#174EA0,#F29130,#4397D2,#702C6A,#5A8E22,#BD191C,#004870,#4F4D49,mckesson
pharmaceuticals,#008080,#000000,#7E8CC1,#285F76,#87B902,#F68D2E,#661F47,,merck
insurance,#008edd,#0060a2,#A3D043,#000000,#EF3F3C,#F2F2F2,#666666,,metlife
casino-hotel,#b1801e,#D29F53,#676767,#000000,#eeeeee,,,,mgm-resorts-international
technology,#104076,#0090DA,#0376C8,#70C4E7,#3E3E3E,,,,micron-technology
manufacturer,#d22030,#000000,#62bbcb,#ffffff,,,,,mohawk-industries
insurance,#0AC0CE,#000000,#a977b6,#DADBDF,#754760,#23394D,#626466,#E3F5F7,molina-healthcare
food,#0367AC,#ED1C24,#ecc501,#1F2D76,#333333,,,,molson-coors-brewing
food,#4F2170,#CE1126,#ff4200,#ffd100,#b7c600,#00Bbc9,#0034a9,#000000,mondelez-international
financial-services,#216CA6,#7C8A97,#0F8EC7,#000000,#469ADB,#2F37BC,#675883,#4CBB7A,morgan-stanley
food,#000000,#005852,#B94A0E,#C6AB01,#B3BC17,,,,mosaic
technology,#000000,#ffffff,#0163BE,#33A243,,,,,motorola-solutions
financial-services,#027838,#FFB300,#c6e876,#ffffff,,,,,mt-bank-corp
retail,#DF2027,#235BA8,#ffffff,#7BB342,,,,,murphy-usa
insurance,#003a70,#0580ea,#cde7f1,#e5e5e5,#2273a3,#444444,,,mutual-of-omaha-insurance
manufacturer,#ed3229,#61666c,#84bd00,#eeeeee,,,,,national-oilwell-varco
financial-services,#204D9B,#DC291E,#83389B,#E7F1FB,#F0EEED,#565A5C,#4c8332,#ffffff,nationwide
financial-services,#470a68,#0057B8,#00ACFF,#000000,,,,,navient
manufacturer,#006680,#597087,#ffffff,#000000,,,,,navistar-international
technology,#ffffff,#000000,#E7E7E7,,,,,,ncr-corporation
insurance,#0073BD,#ffffff,#E0EDF3,#0A3C53,#F5F5F5,#205F7C,#008CD1,#171717,new-york-life-insurance
manufacturer,#298fc2,#696158,#890c58,#653279,#c04c36,#e57200,#3a5dae,#1b806d,newell-brands
natural-resource,#013A81,#A8996E,#000000,#ffffff,,,,,newmont-goldcorp
energy,#000000,#0097DA,#5BA33C,#F2F2F2,#007DB6,,,,nextera-energy
energy,#014F8F,#0464B1,#6C6C6C,#000000,,,,,ngl-energy-partners
retail,#000000,#FFFFFF,#C8C8C8,#0459B2,#04FF01,#FFAAD2,#D4FF3F,#57A7DE,nike
retail,#000000,#4F758A,#E9D5D7,#D9291C,#E3D7EB,#E7E4B9,#ffffff,#FEE14A,nordstrom
transport-company,#7A0000,#FFD500,#7B7B7B,#262626,#B1B9C1,#A49716,#296B82,#575606,norfolk-southern
financial-services,#115840,#ae9132,#808182,#0a7a82,#ede4c7,,,,northern-trust
aerospace-and-defense,#0069B0,#000000,#7A97B5,#E4E1AD,,,,,northrop-grumman
financial-services,#FFB800,#0E497B,#ffffff,,,,,,northwestern-mutual
energy,#00aeef,#ffd201,#ef0387,#64C560,#333092,#000000,,,nrg-energy
manufacturer,#006225,#0F1E2A,#E0DDDC,#738B8E,#02A65F,#ffffff,#8D9DAC,,nucor
real-estate,#860038,#444,#ffffff,,,,,,nvr-inc
natural-resource,#005BAC,#ED1C2E,#B56A1E,#E6F2FB,#77787B,#050708,,,occidental-petroleum
retail,#CC0000,#000000,#ffffff,#5a3f99,#0194D3,#AFBC22,#F89728,#FFC425,office-depot
insurance,#1F3D7D,#000000,#ffffff,#062b7c,,,,,old-republic-international
chemicals,#c52127,#1c252c,#ffffff,#ed8b00,#00629b,#008b95,#F2F2F3,,olin-corporation
technology,#AD342A,#32A2C1,#7ab556,#E6804E,#892666,#4b9da1,#bdbdbd,,omnicom-group
technology,#2EB135,#225A92,#575757,#000000,,,,,on-semiconductor
natural-resource,#0093D0,#717174,#ec751b,#6cb33f,#9bb33f,#003d79,#f4f9fd,,oneok
technology,#F80000,#000000,#212A2A,#386166,#8AADBF,#F49311,#942645,#3A913F,oracle
retail,#067d35,#000000,#cd2029,#ffffff,,,,,oreilly-automotive
retail,#002f59,#0070cd,#009dd6,#5f6a72,#ed1b2e,#232e3d,#90bd00,#003057,oshkosh
construction,#000000,#65666A,#F99FC9,#d3117d,,,,,owens-corning
manufacturer,#58585b,#d5ecf2,#1a2021,#669898,#d3d1d2,,,,owens-illinois
health-beauty,#862633,#26487F,#000000,#4a5f10,#4f3080,#326054,#014663,#262626,owens-minor
insurance,#2B568C,#1c9ca4,#24C5CF,,,,,,pacific-life
manufacturer,#002d72,#2A6796,#af6d04,#676767,#DAE1E2,,,,packaging-corp-of-america
manufacturer,#fdb930,#231f20,#b2b3b7,#bbb1a3,#666666,#03133A,#00a2ae,,parker-hannifin
financial-services,#0079C1,#00457C,#B32317,#F8981D,#6CB33F,#C2CD23,#007B85,#27bcd7,paypal-holdings
energy,#C51230,#0053A3,#444B4E,#D8DCE2,,,,,pbf-energy
natural-resource,#0066A4,#ffffff,#007635,#000000,,,,,peabody-energy
food,#0096D6,#EB7B30,#00984A,#DF002C,#457C33,#2986B2,#F09427,,pepsico
food,#EA1B25,#FFFFFF,#000000,#EBEBEB,,,,,performance-food-group
construction,#ffce00,#000000,#575757,#A96010,,,,,peter-kiewit-sons
pharmaceuticals,#0093d0,#000000,#616365,#ffffff,#00AEEF,#D6006E,#75D1E0,#7DBA00,pfizer
natural-resource,#0093C9,#FDB913,#5B6670,#44C8F5,#00abc5,#F47D30,#979F70,#ffe73b,pge
retail,#00A0D4,#046BB3,#004e8f,#EBEEF4,,,,,philip-morris-international
energy,#CF2421,#FFFFFF,#000000,#266FDC,#263773,#f3f3f3,,,phillips-66
natural-resource,#99bd7d,#231F20,#00385c,#868c7a,#44442c,,,,pioneer-natural-resources
natural-resource,#00295D,#A1A3A6,#D31045,#72AB0F,#C4D1E4,#788BA2,,,plains-gp-holdings
financial-services,#FF5400,#002FCD,#ffffff,#404E58,,,,,pnc-financial-services
manufacturer,#00498F,#ffffff,#8FA3C1,#0D287F,,,,,polaris-industries
food,#C52039,#ffffff,#1b75bc,#636363,#f09818,,,,post-holdings
manufacturer,#0078A9,#105F97,#00b149,#8F1A95,#0033A0,#3EC7F4,#d0006f,#b3d76d,ppg-industries
energy,#001489,#0085CA,#2D2926,#009639,#84BD00,#FF6A13,#FFB81C,#ACA39A,ppl
financial-services,#0076BC,#00BCD8,#555A5B,#4b4687,#787878,#E5F4FB,#e6e6e6,,principal-financial
retail,#0037B1,#009EDF,#FFDB01,#ffffff,#BD3793,#FFA2D1,#01772c,#F7414C,procter-gamble
insurance,#1376BC,#ffffff,#31b7fb,#415e7b,#FC7E23,#C2D0DA,#022443,#FFD490,progressive
insurance,#FDD10C,#05446C,#3366CC,#23A8A7,#8472CC,#5C8417,#07639D,,prudential-financial
energy,#FF6E1E,#4F3826,#444444,#7d8497,#f6f6f6,#0268a6,#4E741F,,public-service-enterprise-group
food,#419639,#000000,#CEBB90,#e2e2e2,#7FAAD5,#52687F,#816832,#7DC37B,publix-super-markets
manufacturer,#E59F2A,#163962,#FBF056,#1D81B3,,,,,pultegroup
retail,#000000,#808285,#eeedee,#ef383a,#cb464f,#214564,,,pvh
technology,#3253DC,#000000,#ffffff,#03A3A4,,,,,qualcomm
construction,#231F20,#D3222A,#FFB60F,#eeeeee,,,,,quanta-services
health-beauty,#4A7637,#000000,#ffffff,#00587C,#80276C,#CD3500,,,quest-diagnostics
retail,#ad1aac,#6e645c,#ffffff,#28334A,,,,,qurate-retail
technology,#1e2b49,#d2145a,#f2f2f2,#96dbd6,#4afcf7,#25304E,#bea473,,r-r-donnelley-sons
retail,#000000,#4b5e96,#ffffff,,,,,,ralph-lauren-corporation
financial-services,#968C83,#002855,#000000,#B36924,#C5B783,,,,raymond-james-financial-inc
aerospace-and-defense,#CE1226,#ffffff,#000000,#666666,,,,,raytheon
real-estate,#005F5F,#ADA57E,#ffffff,#000000,#4CBEAA,#06879B,,,realogy-holdings
pharmaceuticals,#005cac,#d70056,#ffffff,#dddddd,#b4e767,#9ad0db,#ffc557,#02315d,regeneron-pharmaceuticals
financial-services,#558800,#277e7d,#7f8595,#87BD40,#13294b,#ffffff,#EEEEEE,,regions-financial
financial-services,#cc0000,#7d7d7d,#DDDDDD,#000000,,,,,reinsurance-group-of-america
manufacturer,#40695A,#8A8A8D,#003A5D,#134B6B,#090909,#98B7AC,,,reliance-steel-aluminum
supplier,#d01947,#023962,#00adef,#F5F5F5,#ffffff,#37373D,,,republic-services
retail,#004f99,#ef3e42,#ffffff,#03AFEF,#B30927,#FEBF04,#0365AE,#83E0E5,rite-aid
financial-services,#9f1c35,#BEBCBB,#343a40,#d9eafb,,,,,robert-half-international
technology,#bf3240,#ee8136,#ffffff,#555555,#e6e7e8,,,,rockwell-automation
aerospace-and-defense,#000000,#ed6c1e,#7f7f7f,#333333,,,,,rockwell-collins
retail,#0082cd,#000000,#ffffff,#6271C2,#E02E20,#929aa0,,,ross-stores
transport-company,#ce1126,#000000,#bfbfbf,#ffffff,,,,,ryder-system
technology,#0097d8,#217405,#1C4E88,#9fd5f2,#E77524,#10867E,#822044,,salesforce-com
manufacturer,#EE3A43,#dcdcdc,#ffffff,,,,,,sanmina-corporation
food,#19144e,#9b822e,#6a6869,#333333,#d3d3d3,#6482A1,,,seaboard
energy,#E01049,#204394,#51a9d8,#ffffff,,,,,sempra-energy
manufacturer,#cc3333,#6fa9db,#4b82af,#ffffff,,,,,sherwin-williams
retail,#333333,#ffffff,#757575,#008F94,#9E005B,#757575,,,simon-property-group
auto,#9f959c,#ee4128,#425363,#000000,,,,,sonic-automotive
energy,#EC1C24,#B2D235,#00BCF1,#007DB9,#626262,#FFFFFF,,,southern
travel,#2E4BB1,#e51d23,#f9b612,#0c132d,,,,,southwest-airlines
financial-services,#df1e36,#000000,#898989,#1a1a1a,,,,,sp-global
food,#007054,#31b44b,#9dd07c,#ffcd34,#727272,,,,spartannash
aerospace-and-defense,#1946BA,#39f,#8DC63F,#ffffff,,,,,spirit-aerosystems-holdings
manufacturer,#ffdb07,#0072BD,#000000,#ffffff,,,,,stanley-black-decker
retail,#00704A,#000000,#ffffff,#F0CDDB,#F4AEB1,#E6A513,#B15A11,#79003C,starbucks
insurance,#0863a6,#6e6e6e,#ffffff,,,,,,state-farm-insurance
financial-services,#002c5f,#3280A9,#71a8b0,#E5ECF0,#56c1e3,,,,state-street-corp
manufacturer,#C41136,#231F20,#7E7E7E,#013164,,,,,steel-dynamics
technology,#000000,#FFB500,#395D5B,#F40000,#545857,#515585,#B9C855,#A7C3D7,stryker
financial-services,#f17e23,#003e71,#963f04,#021E30,#d8197f,#005ead,#999999,,suntrust-banks
retail,#A71930,#ffffff,#575757,#753B97,#328E3B,#FFEE00,#222E62,#EE4433,supervalu
financial-services,#323232,#FFFFFF,#3E8529,,,,,,synchrony-financial
technology,#0281AE,#49969D,#015758,,,,,,synnex
retail,#6db33f,#0081C6,#FFF6DC,#f1e5c8,#6A737B,#522E91,#00543D,#c15b5d,sysco
retail,#FFDD00,#000000,#ffffff,#F2F2F2,,,,,tapestry
natural-resource,#114787,#ffffff,#d02230,#010810,#173150,#dbe7f3,,,targa-resources
retail,#CC0000,#0067BC,#008300,#96D702,#58cae8,#FEE600,,,target
health-beauty,#1F6094,#F88E1B,#58595B,#DAE4ED,#616455,#779A0A,#226092,#595C68,tenet-healthcare
transport-company,#000000,#5a913a,#37322F,#F2F2F2,#71A7FF,,,,tenneco
technology,#E31937,#ffffff,#000000,#C9CBCC,#AEB0B2,#717074,,,tesla
technology,#CC0000,#333333,#88D0DC,#FFFFFF,#118899,#929497,#DDECE8,#115566,texas-instruments
aerospace-and-defense,#005186,#E1BF3C,#f3f3f3,#0F73B3,,,,,textron
pharmaceuticals,#EE3134,#000000,#FFFFFF,#7A6691,#8A9E99,,,,thermo-fisher-scientific
manufacturer,#181817,#4a5739,#ad6e09,#d9d6cf,#2a2927,,,,thor-industries
financial-services,#ff0000,#000000,#FFCC00,#999999,#cccccc,#cccc99,#cc6633,#33cccc,thrivent-financial-for-lutherans
insurance,#005495,#95D9F7,#ffffff,#03CCA4,#eba51c,#FF7336,#F4F4F4,,tiaa
retail,#9B0A23,#434241,#EC257A,#D2082B,#333231,#e8e8e8,,,tjx
construction,#004778,#e0e0e0,#000000,#ffffff,,,,,toll-brothers
retail,#e31837,#000000,#ffd24f,#ffffff,#cb5c28,#69913d,#896532,#807f83,tractor-supply
travel,#ed1b2e,#0061aa,#00a651,#ffffff,,,,,travelcenters-of-america
insurance,#e31b23,#000000,#91C3D1,#007395,,,,,travelers
food,#211e1d,#617b6c,#584a43,#3E6C91,#AD956E,#454554,,,treehouse-foods
food,#002554,#EDF3F9,#F3AF00,#809e9b,#eb3c31,#65686b,#FFF2E0,#eaeeee,tyson-foods
financial-services,#0c2074,#DE162B,#000000,#ffffff,#522E81,#137DB9,,,u-s-bancorp
energy,#002E5B,#55B0DE,#005DBA,#ffffff,,,,,ugi-corporation
health-beauty,#5a5657,#e8165d,#fcdce1,#f47d39,#fcd8c3,#f5f5f5,#ffffff,#303030,ulta-beauty
transport-company,#e30025,#2b3199,#ffffff,#F8C200,#017DBA,#6E157F,#01883D,#FE0000,union-pacific-paper
travel,#ffffff,#16263E,#E6E6E6,,,,,,united-continental-holdings
food,#82BB23,#635451,#fd8148,#db223a,#1790D8,,,,united-natural-foods
transport-company,#D17B11,#452C2C,#1E0000,#016862,#D49D64,#F2F2F2,,,united-parcel-service
retail,#0068b2,#88898c,#231f20,#008cff,#003e83,#dde0e2,#F99222,,united-rentals
manufacturer,#0058AA,#3b78fa,#04305c,#cacdcf,,,,,united-states-steel
technology,#0033ab,#000000,#EDF1F9,#262C43,#FF7A3D,#75B80C,#AB57FF,#3059BB,united-technologies
health-beauty,#003C71,#0066F5,#009104,#AACE15,#FCAE00,#FFDA03,#424242,#999999,unitedhealth-group
chemicals,#ff8500,#feb566,#54585b,#c1c2c3,,,,,univar
health-beauty,#932842,#3c657b,#0b374f,#9ec3b8,#9F8045,#5E67A3,#ffffff,,universal-health-services
financial-services,#015294,#5A7184,#717073,#f0efe3,#e89528,#fac832,#8cc442,#c1cf00,unum-group
food,#5C8727,#CF4520,#717073,#ffffff,#C08B0B,#4F4F4F,,,us-foods-holding
financial-services,#1A3258,#ac080e,#f8b318,#2F5E7E,#435D22,#ececeb,#3e4042,,usaa
energy,#006c87,#ffb900,#E1382B,#0070AB,#EE8922,#E5E3DF,,,valero-energy
transport-company,#007934,#1d5632,#EDEDED,#56EA98,#292929,,,,veritiv
technology,#CD040B,#000000,#f6f6f6,#0095DC,#FBBA3C,,,,verizon-communications
retail,#003399,#319fe3,#000E2E,#ffffff,,,,,vf
financial-services,#1a1f71,#ffffff,#fdbb0a,#faaa13,#75787b,,,,visa
energy,#64a70a,#013f6e,#cca62c,#455a64,#1B1B1B,#ffffff,,,vistra-energ
financial-services,#f58000,#fccc54,#d65325,#f4944e,#9ac1a6,#eeeeee,#0097a9,#8db9e6,voya-financial
insurance,#0d5640,#308d04,#ffffff,#353536,,,,,w-r-berkley
auto,#BE2122,#000000,#02709A,#29333B,#EEEEEE,,,,w-w-grainger
pharmaceuticals,#1c2262,#8fabdb,#8ec83e,#5aade1,#ddeef9,#F5F5F5,,,walgreens-boots-alliance
retail,#0071ce,#ffc220,#ffffff,#041e42,#fff200,#fa6400,,,walmart
transport-company,#026937,#EDAA00,#777771,#D6D4D5,#3D892E,#333333,#7AB800,,waste-management
retail,#752a7d,#d57deb,#83d070,#f8cf1d,#c6d637,#e36342,#092766,#c1e2e8,wayfair
energy,#0083bf,#65666a,#028947,#ff6600,#b8600d,#616365,#cccccc,,wec-energy-group
health-beauty,#1B75BB,#f9cd47,#E87722,#5AA655,#499EAF,#E9E9E9,#1A1A1A,#256E99,wellcare-health-plans
financial-services,#BB0826,#FCC60A,#46A003,#D71E28,#7A6855,#0a7937,#00698C,#702f8a,wells-fargo
technology,#004684,#ee964b,#01294c,#000000,,,,,wesco-international
financial-services,#0071BD,#095485,#30a4e0,#484848,,,,,western-southern-financial-group
financial-services,#FFD529,#ffffff,#000000,#E94368,,,,,western-union
manufacturer,#0369a5,#04b1e7,#f36c39,#333333,,,,,westlake-chemical
manufacturer,#004B87,#0085CA,#FA7B00,#777777,,,,,westrock
natural-resource,#ffffff,#aece10,#728a3e,#00bce4,#ffcf01,,,,weyerhaeuser
energy,#007AC3,#E48D18,#FFCA06,#000000,,,,,williams
retail,#252525,#ffffff,#898989,#898989,,,,,williams-sonoma
technology,#7FCC28,#000000,#939598,#ffffff,,,,,windstream-holdings
energy,#6c7680,#105c9e,#8FB3D3,#192946,#5A7391,,,,world-fuel-services
casino-hotel,#000000,#ffffff,#828082,#f28124,,,,,wynn-resorts
energy,#ED2128,#000000,#666666,#5255EE,,,,,xcel-energy
technology,#d82231,#81141d,#721b60,#ebebeb,#ffffff,#000000,,,xerox
transport-company,#CC0000,#000000,#DDDDDD,#858585,#43494D,,,,xpo-logistics
food,#ED1C24,#ffffff,#00bfb3,#e7e7e7,,,,,yum-brands
food,#e60012,#00b3ff,#ffffff,#794da1,#f2f2f2,,,,yum-china-holdings
manufacturer,#0183c1,#4c4d4f,#6ac6c4,#00adef,#aeaeae,#006096,#efefef,,zimmer-biomet-holdings
pharmaceuticals,#ff6400,#ffffff,#585858,#0096Af,#171C8F,#bf0d3e,#ed8b00,#a69f88,zoetis
